City_ID,City,Country,Date,Lat,Lng,Max Temp,Humidity,Cloudiness,Wind Speed
0,Albany,US,2022-07-20 05:38:06,42.6001,-73.9662,295.67,88,31,2.05
1,Ushuaia,AR,2022-07-20 05:40:43,-54.8,-68.3,275.96,87,75,6.17
2,Atuona,PF,2022-07-20 05:42:04,-9.8,-139.0333,298.3,76,57,6.07
3,Kavieng,PG,2022-07-20 05:42:06,-2.5744,150.7967,301.68,71,100,2.99
4,Loandjili,CG,2022-07-20 05:42:07,-4.7561,11.8578,294.21,94,75,1.54
5,Dikson,RU,2022-07-20 05:42:07,73.5069,80.5464,281.53,60,68,8.11
6,Tasiilaq,GL,2022-07-20 05:42:08,65.6145,-37.6368,276.24,92,87,2.96
7,Georgetown,MY,2022-07-20 05:41:07,5.4112,100.3354,305.31,70,20,4.63
8,Padang,ID,2022-07-20 05:42:09,-0.9492,100.3543,303.18,70,100,2.39
9,Bud,US,2022-07-20 05:42:10,39.447,-86.1758,297.12,92,1,2.75
10,Talnakh,RU,2022-07-20 05:42:11,69.4865,88.3972,285.79,64,96,2.17
11,Kodiak,US,2022-07-20 05:42:12,57.79,-152.4072,285.88,76,100,2.06
12,Narsaq,GL,2022-07-20 05:42:13,60.9167,-46.05,282.27,94,100,0.96
13,Egvekinot,RU,2022-07-20 05:42:14,66.3167,-179.1667,278.15,80,99,1.21
14,Areosa,PT,2022-07-20 05:42:16,41.7178,-8.8571,288.84,91,6,4.97
15,Bredasdorp,ZA,2022-07-20 05:42:16,-34.5322,20.0403,280.09,88,9,1.28
16,Poum,NC,2022-07-20 05:42:17,-20.2333,164.0167,297.62,86,100,6.13
17,Terrace,CA,2022-07-20 05:41:37,54.5163,-128.6035,290.1,59,75,2.57
18,Hilo,US,2022-07-20 05:41:30,19.7297,-155.09,298.0,81,0,1.54
19,Nikolskoye,RU,2022-07-20 05:42:18,59.7035,30.7861,290.81,62,22,5.72
20,Hithadhoo,MV,2022-07-20 05:42:19,-0.6,73.0833,300.46,74,82,2.53
21,Manama,BH,2022-07-20 05:38:00,26.2154,50.5832,311.14,37,6,1.54
22,Adrar,MR,2022-07-20 05:42:20,20.5022,-10.0711,302.93,17,15,2.41
23,Kapaa,US,2022-07-20 05:42:21,22.0752,-159.319,301.14,84,40,7.72
24,Saint-Philippe,RE,2022-07-20 05:42:22,-21.3585,55.7679,296.92,70,50,8.19
25,Mahebourg,MU,2022-07-20 05:42:22,-20.4081,57.7,295.51,73,75,11.32
26,Seydi,TM,2022-07-20 05:42:23,39.4816,62.9137,311.28,14,0,11.41
27,Avarua,CK,2022-07-20 05:42:24,-21.2078,-159.775,296.18,73,75,4.12
28,Geraldton,AU,2022-07-20 05:42:24,-28.7667,114.6,296.38,43,92,7.2
29,Ares,BR,2022-07-20 05:42:25,-6.1944,-35.1603,296.2,92,11,4.62
30,Carnarvon,AU,2022-07-20 05:42:26,-24.8667,113.6333,298.08,46,61,6.97
31,Dingle,PH,2022-07-20 05:38:56,10.9995,122.6711,304.03,69,17,3.16
32,Glyadyanskoye,RU,2022-07-20 05:42:28,54.9075,65.0883,296.27,71,92,3.49
33,Bluff,NZ,2022-07-20 05:42:29,-46.6,168.3333,279.71,72,100,4.73
34,Kindu,CD,2022-07-20 05:43:30,-2.95,25.95,296.15,77,32,0.52
35,Airai,TL,2022-07-20 05:43:32,-8.9266,125.4092,295.22,55,66,1.36
36,Mataura,NZ,2022-07-20 05:43:32,-46.1927,168.8643,279.53,83,94,0.91
37,Torbay,CA,2022-07-20 05:43:34,47.6666,-52.7314,292.75,96,100,6.17
38,Lorengau,PG,2022-07-20 05:43:34,-2.0226,147.2712,302.07,69,84,3.04
39,Qaanaaq,GL,2022-07-20 05:43:35,77.484,-69.3632,277.07,80,98,1.12
40,Kununurra,AU,2022-07-20 05:43:36,-15.7667,128.7333,306.14,25,11,3.6
41,Mao,ES,2022-07-20 05:43:35,39.8885,4.2658,297.46,94,0,1.03
42,Busselton,AU,2022-07-20 05:43:37,-33.65,115.3333,291.64,68,85,8.21
43,Bengkulu,ID,2022-07-20 05:43:38,-3.8004,102.2655,302.49,67,78,3.92
44,Rikitea,PF,2022-07-20 05:43:38,-23.1203,-134.9692,296.53,77,4,3.21
45,Ilulissat,GL,2022-07-20 05:43:39,69.2167,-51.1,280.16,87,75,0.51
46,Labuhan,ID,2022-07-20 05:43:39,-6.8844,112.2051,303.5,58,58,4.22
47,Dzhebariki-Khaya,RU,2022-07-20 05:43:40,62.2167,135.8,303.97,33,89,0.61
48,Hobart,AU,2022-07-20 05:41:55,-42.8794,147.3294,282.74,68,20,2.57
49,Nhulunbuy,AU,2022-07-20 05:43:41,-12.2333,136.7667,299.49,65,40,6.17
50,Yellowknife,CA,2022-07-20 05:43:42,62.456,-114.3525,290.44,82,40,4.63
51,Qaqortoq,GL,2022-07-20 05:43:43,60.7167,-46.0333,280.69,99,100,1.11
52,Chokurdakh,RU,2022-07-20 05:43:44,70.6333,147.9167,283.9,59,97,5.41
53,Upernavik,GL,2022-07-20 05:43:44,72.7868,-56.1549,280.57,78,91,2.53
54,Isangel,VU,2022-07-20 05:43:45,-19.55,169.2667,298.92,83,37,4.07
55,Carmen,MX,2022-07-20 05:43:45,18.6333,-91.8333,301.3,77,51,3.44
56,Milkovo,RU,2022-07-20 05:43:47,54.7167,158.6167,303.76,46,3,1.06
57,Thompson,CA,2022-07-20 05:38:49,55.7435,-97.8558,294.24,68,75,0.0
58,Khani,GE,2022-07-20 05:43:48,41.9563,42.9566,287.91,96,100,0.65
59,Hokitika,NZ,2022-07-20 05:43:48,-42.7167,170.9667,282.39,84,89,3.14
60,Dustlik,UZ,2022-07-20 05:43:49,40.5247,68.0358,308.93,17,0,0.59
61,Solnechnyy,RU,2022-07-20 05:43:50,50.7214,136.6319,289.12,86,99,2.32
62,Onguday,RU,2022-07-20 05:43:50,50.75,86.15,292.29,50,55,0.83
63,Anshun,CN,2022-07-20 05:43:51,26.25,105.9333,292.47,91,100,1.33
64,Itarema,BR,2022-07-20 05:43:51,-2.9248,-39.9167,297.62,89,17,5.97
65,Kalmunai,LK,2022-07-20 05:43:52,7.4167,81.8167,304.84,56,98,2.83
66,Darfo,IT,2022-07-20 05:43:53,45.8779,10.1812,300.45,61,26,1.2
67,Bubaque,GW,2022-07-20 05:43:54,11.2833,-15.8333,298.85,85,100,7.29
68,Barrow,US,2022-07-20 05:43:54,71.2906,-156.7887,279.16,81,100,5.14
69,Castro,BR,2022-07-20 05:43:55,-24.7911,-50.0119,287.33,97,30,2.72
70,Rognan,NO,2022-07-20 05:43:56,67.0953,15.3878,289.68,67,96,4.09
71,Rundu,NA,2022-07-20 05:44:57,-17.9333,19.7667,282.28,56,0,2.49
72,Salalah,OM,2022-07-20 05:44:58,17.0151,54.0924,298.2,100,100,4.63
73,Wasilla,US,2022-07-20 05:44:02,61.5814,-149.4394,284.27,94,100,0.0
74,Nuuk,GL,2022-07-20 05:44:58,64.1835,-51.7216,284.49,76,100,0.51
75,Tiznit,MA,2022-07-20 05:44:59,29.5833,-9.5,301.03,32,62,0.33
76,Lavrentiya,RU,2022-07-20 05:45:00,65.5833,-171.0,278.7,73,97,3.61
77,Gazojak,TM,2022-07-20 05:45:01,41.1875,61.4036,312.03,14,0,9.77
78,Grajau,BR,2022-07-20 05:45:02,-5.8194,-46.1386,294.68,62,46,1.07
79,Tezu,IN,2022-07-20 05:45:03,27.9167,96.1667,300.39,94,99,1.01
80,Fairbanks,US,2022-07-20 05:43:36,64.8378,-147.7164,286.15,86,75,2.06
81,Halifax,CA,2022-07-20 05:41:03,44.6453,-63.5724,293.97,85,0,4.47
82,Kahului,US,2022-07-20 05:45:05,20.8947,-156.47,299.16,61,40,9.77
83,Kombissiri,BF,2022-07-20 05:45:06,12.0656,-1.3375,296.36,82,82,3.48
84,Vaini,TO,2022-07-20 05:45:06,-21.2,-175.2,296.24,100,20,5.14
85,Praya,CV,2022-07-20 05:45:07,14.9215,-23.5087,297.45,88,20,2.57
86,Chicama,PE,2022-07-20 05:45:08,-7.8447,-79.1469,288.45,87,39,1.48
87,Iqaluit,CA,2022-07-20 05:45:08,63.7506,-68.5145,277.0,93,100,3.6
88,Kaitangata,NZ,2022-07-20 05:44:19,-46.2817,169.8464,279.46,79,98,2.42
89,Falakata,IN,2022-07-20 05:45:10,26.5208,89.2055,299.47,93,100,2.36
90,Saskylakh,RU,2022-07-20 05:45:11,71.9167,114.0833,283.36,48,90,7.24
91,Fortuna,US,2022-07-20 05:44:18,40.5982,-124.1573,286.12,88,21,0.45
92,Laguna,US,2022-07-20 05:45:12,38.421,-121.4238,301.15,40,0,4.63
93,Portland,US,2022-07-20 05:34:55,45.5234,-122.6762,299.12,64,0,3.09
94,Nadym,RU,2022-07-20 05:45:13,65.5333,72.5167,294.41,39,79,7.3
95,Saint-Augustin,CA,2022-07-20 05:45:13,51.226,-58.6502,287.83,95,100,11.77
96,Hasaki,JP,2022-07-20 05:43:42,35.7333,140.8333,307.37,71,82,5.01
97,Yarada,IN,2022-07-20 05:45:15,17.65,83.2667,305.33,70,40,6.17
98,Korla,CN,2022-07-20 05:45:16,41.7597,86.1469,301.54,26,30,4.58
99,Baghdad,IQ,2022-07-20 05:42:43,33.3406,44.4009,309.1,20,0,3.6
100,Semirom,IR,2022-07-20 05:45:17,31.4167,51.5667,298.29,12,0,2.45
101,Salta,AR,2022-07-20 05:45:18,-24.7859,-65.4117,278.47,80,0,3.09
102,Saurimo,AO,2022-07-20 05:45:19,-9.6608,20.3916,289.09,43,29,2.35
103,Wajir,KE,2022-07-20 05:45:19,1.7471,40.0573,296.13,68,40,3.6
104,Donskoye,RU,2022-07-20 05:45:20,45.4552,41.9741,293.12,85,100,2.21
105,Spring,US,2022-07-20 05:45:06,30.0799,-95.4172,302.58,76,20,4.63
106,Divnomorskoye,RU,2022-07-20 05:45:21,44.5011,38.1353,298.08,46,31,2.76
107,Gejiu,CN,2022-07-20 05:45:22,23.306,103.1635,292.4,77,100,2.49
108,Victoria,HK,2022-07-20 05:44:17,22.2855,114.1577,307.02,76,72,8.05
109,Coihaique,CL,2022-07-20 05:45:23,-45.5752,-72.0662,278.12,87,100,2.06
110,Kontagora,NG,2022-07-20 05:45:24,10.3999,5.4695,294.9,86,91,1.48
111,Ordynskoye,RU,2022-07-20 05:46:25,54.3656,81.8994,296.57,47,30,1.78
112,Kishi,NG,2022-07-20 05:46:26,9.0833,3.85,292.62,92,18,2.16
113,Karratha,AU,2022-07-20 05:45:25,-20.7377,116.8463,299.19,31,0,6.93
114,Muli,MV,2022-07-20 05:46:27,2.9167,73.5667,300.16,78,100,6.24
115,Havoysund,NO,2022-07-20 05:46:27,70.9963,24.6622,283.28,84,100,2.59
116,Sechura,PE,2022-07-20 05:46:28,-5.5569,-80.8222,290.2,81,56,4.59
117,Pevek,RU,2022-07-20 05:46:28,69.7008,170.3133,273.46,97,100,6.76
118,Cherskiy,RU,2022-07-20 05:46:29,68.75,161.3,281.22,64,82,6.38
119,Faya,SA,2022-07-20 05:46:30,18.3851,42.4509,296.44,42,99,5.09
120,Aktash,RU,2022-07-20 05:46:31,50.3,87.7333,282.62,55,91,1.79
121,Khatanga,RU,2022-07-20 05:46:32,71.9667,102.5,285.49,40,92,9.44
122,Asau,RO,2022-07-20 05:46:33,46.4333,26.4,294.66,42,19,0.45
123,Hovd,MN,2022-07-20 05:46:33,48.0056,91.6419,292.07,38,17,4.55
124,Avera,US,2022-07-20 05:46:34,33.194,-82.5271,296.18,91,51,2.59
125,Rudbar,AF,2022-07-20 05:46:35,30.15,62.6,311.58,11,10,9.14
126,Ingham,US,2022-07-20 05:42:14,42.6,-84.3833,297.25,82,40,3.6
127,Ostrovnoy,RU,2022-07-20 05:46:36,68.0531,39.5131,285.21,87,100,4.14
128,Bjornevatn,NO,2022-07-20 05:46:37,69.6672,29.9847,288.94,94,75,4.63
129,Pandan,PH,2022-07-20 05:46:37,14.0453,124.1694,304.41,69,76,4.96
130,Marzuq,YE,2022-07-20 05:46:38,14.4,46.4667,298.25,55,100,1.75
131,Severo-Kurilsk,RU,2022-07-20 05:46:38,50.6789,156.125,283.97,97,98,7.24
132,Souillac,MU,2022-07-20 05:46:39,-20.5167,57.5167,293.36,73,75,11.32
133,Mitsamiouli,KM,2022-07-20 05:46:40,-11.3847,43.2844,298.31,65,40,7.2
134,Opunake,NZ,2022-07-20 05:46:40,-39.4556,173.8583,283.77,90,70,5.34
135,Omboue,GA,2022-07-20 05:46:41,-1.5746,9.2618,295.31,91,100,3.19
136,Churapcha,RU,2022-07-20 05:46:42,62.0025,132.4325,302.7,40,57,5.03
137,Samarai,PG,2022-07-20 05:46:43,-10.6167,150.6667,301.29,73,50,4.26
138,Werda,BW,2022-07-20 05:46:44,-25.2667,23.2833,286.6,46,38,3.52
139,Northam,GB,2022-07-20 05:46:45,51.0333,-4.2167,291.7,91,96,2.68
140,Springbok,ZA,2022-07-20 05:46:46,-29.6643,17.8865,276.4,80,0,2.0
141,Hermanus,ZA,2022-07-20 05:45:01,-34.4187,19.2345,283.72,74,38,3.6
142,Neuquen,AR,2022-07-20 05:46:47,-38.9516,-68.0591,277.09,65,0,2.57
143,Tokur,RU,2022-07-20 05:46:48,53.1333,132.9,284.76,98,100,1.65
144,Ales,FR,2022-07-20 05:46:50,44.1333,4.0833,296.75,55,7,1.35
145,Lata,PT,2022-07-20 05:46:50,40.1629,-8.3327,288.19,94,4,1.34
146,Butaritari,KI,2022-07-20 05:46:51,3.0707,172.7902,300.72,79,92,5.83
147,Takanabe,JP,2022-07-20 05:46:51,32.1333,131.5,302.09,70,99,2.68
148,Longview,US,2022-07-20 05:46:52,32.5007,-94.7405,304.29,61,0,5.66
149,Goure,NE,2022-07-20 05:46:53,13.9835,10.2704,298.16,61,8,4.76
150,Kavaratti,IN,2022-07-20 05:46:54,10.5669,72.642,300.49,80,100,9.16
151,Gotsu,JP,2022-07-20 05:47:55,35.0,132.2167,300.57,72,80,3.93
152,Ocala,US,2022-07-20 05:46:20,29.1872,-82.1401,298.25,74,0,0.0
153,Doha,QA,2022-07-20 05:47:55,25.2867,51.5333,313.14,48,49,3.09
154,Biak,ID,2022-07-20 05:46:37,-0.9131,122.8766,300.94,71,52,2.13
155,Jumla,NP,2022-07-20 05:47:56,29.2747,82.1838,294.87,80,96,2.19
156,Tiksi,RU,2022-07-20 05:46:38,71.6872,128.8694,274.34,95,100,5.84
157,Kruisfontein,ZA,2022-07-20 05:47:58,-34.0033,24.7314,283.64,93,100,2.43
158,Westport,US,2022-07-20 05:45:36,41.1415,-73.3579,301.14,83,0,1.54
159,Aklavik,CA,2022-07-20 05:47:59,68.2191,-135.0107,289.85,67,85,2.5
160,Yamada,JP,2022-07-20 05:48:00,39.4667,141.95,294.85,93,83,4.16
161,Pathein,MM,2022-07-20 05:48:01,16.7833,94.7333,304.59,65,100,5.2
162,Obo,CF,2022-07-20 05:48:02,5.3998,26.4869,294.08,96,98,0.58
163,Komsomolskiy,UZ,2022-07-20 05:48:03,40.4272,71.7189,307.55,21,0,3.09
164,Rio Grande,BR,2022-07-20 05:48:04,-0.9156,-48.0594,295.47,97,71,2.04
165,Tuktoyaktuk,CA,2022-07-20 05:48:04,69.4541,-133.0374,286.15,94,75,1.03
166,Lumphat,KH,2022-07-20 05:48:05,13.4878,106.9816,297.29,96,100,0.85
167,Mareeba,AU,2022-07-20 05:48:06,-17.0,145.4333,296.55,74,54,2.11
168,Espinosa,BR,2022-07-20 05:48:06,-14.9261,-42.8192,290.01,89,54,2.13
169,Srednekolymsk,RU,2022-07-20 05:48:07,67.45,153.6833,286.87,41,93,2.28
170,Buala,SB,2022-07-20 05:48:08,-8.145,159.5921,301.64,73,26,3.67
171,Chateaubelair,VC,2022-07-20 05:48:09,13.2833,-61.25,298.81,84,48,4.74
172,Gboko,NG,2022-07-20 05:48:10,7.3179,8.9951,294.86,91,93,3.59
173,Chuy,UY,2022-07-20 05:48:09,-33.6971,-53.4616,280.05,91,0,2.73
174,Kualakapuas,ID,2022-07-20 05:48:12,-3.0091,114.3876,305.05,55,44,0.63
175,Moussoro,TD,2022-07-20 05:48:12,13.6408,16.4901,297.18,73,99,7.3
176,Kurilsk,RU,2022-07-20 05:48:13,45.2333,147.8833,286.33,88,100,2.64
177,Maraa,BR,2022-07-20 05:48:14,-1.8333,-65.3667,295.01,99,78,1.31
178,Tooele,US,2022-07-20 05:48:15,40.5308,-112.2983,298.68,41,0,5.14
179,Dawlatabad,AF,2022-07-20 05:48:16,36.4141,64.9053,309.0,13,0,6.1
180,Shelburne,CA,2022-07-20 05:48:16,44.0787,-80.2041,296.55,77,97,5.1
181,Jamestown,US,2022-07-20 05:45:12,42.097,-79.2353,296.92,86,0,0.45
182,Aasiaat,GL,2022-07-20 05:48:17,68.7098,-52.8699,276.77,95,100,3.52
183,Mangai,CD,2022-07-20 05:48:18,-4.05,19.5333,295.51,78,5,0.28
184,Baruun-Urt,MN,2022-07-20 05:48:19,46.6806,113.2792,303.91,22,61,0.81
185,Torrington,US,2022-07-20 05:48:20,41.8007,-73.1212,297.45,90,53,1.62
186,Novoagansk,RU,2022-07-20 05:48:20,61.9449,76.6625,291.41,54,100,2.25
187,Luena,AO,2022-07-20 05:48:21,-11.7833,19.9167,284.3,54,5,1.57
188,Kaitong,CN,2022-07-20 05:48:21,44.8135,123.15,302.87,48,99,1.05
189,Tarakan,ID,2022-07-20 05:48:22,3.3,117.6333,298.87,94,75,2.06
190,Erenhot,CN,2022-07-20 05:48:23,43.6475,111.9767,304.45,20,25,1.43
191,Pilar,BR,2022-07-20 05:48:23,-9.5972,-35.9567,295.11,93,34,1.03
192,Champerico,GT,2022-07-20 05:48:24,14.3,-91.9167,298.31,88,100,2.29
193,Tekeli,KZ,2022-07-20 05:49:25,44.83,78.8239,298.47,19,0,3.0
194,Winsum,NL,2022-07-20 05:49:26,53.33,6.5208,298.14,59,8,4.23
195,Houston,US,2022-07-20 05:47:24,29.7633,-95.3633,302.62,81,20,6.69
196,Bilibino,RU,2022-07-20 05:49:27,68.0546,166.4372,283.58,60,81,4.84
197,Deputatskiy,RU,2022-07-20 05:49:27,69.3,139.9,274.33,97,100,1.51
198,Ahipara,NZ,2022-07-20 05:46:33,-35.1667,173.1667,285.47,83,67,6.72
199,Nanortalik,GL,2022-07-20 05:49:28,60.1432,-45.2371,281.3,96,100,4.81
200,Zhezkazgan,KZ,2022-07-20 05:49:30,47.8043,67.7144,307.14,16,40,6.0
201,Hailey,US,2022-07-20 05:49:30,43.5196,-114.3153,291.93,36,0,4.92
202,Rocha,UY,2022-07-20 05:49:31,-34.4833,-54.3333,277.77,94,3,2.84
203,Lebu,CL,2022-07-20 05:49:31,-37.6167,-73.65,282.27,94,16,2.59
204,Pouembout,NC,2022-07-20 05:49:32,-21.1333,164.9,297.04,89,100,2.46
205,Semey,KZ,2022-07-20 05:47:21,50.4111,80.2275,301.27,24,0,5.0
206,Warri,NG,2022-07-20 05:49:33,5.5167,5.75,296.83,83,89,1.74
207,Namibe,AO,2022-07-20 05:48:57,-15.1961,12.1522,289.37,87,0,1.55
208,Sterling,US,2022-07-20 05:49:34,39.0062,-77.4286,298.2,92,0,1.54
209,Palafrugell,ES,2022-07-20 05:49:35,41.9174,3.1631,296.17,52,1,2.46
210,Itagi,BR,2022-07-20 05:49:36,-14.1628,-40.0061,292.15,95,96,1.05
211,Ambilobe,MG,2022-07-20 05:49:36,-13.2,49.05,299.32,39,2,5.53
212,Longyearbyen,SJ,2022-07-20 05:45:13,78.2186,15.6401,282.06,87,75,3.6
213,Cidreira,BR,2022-07-20 05:49:37,-30.1811,-50.2056,287.51,92,4,2.96
214,Kulhudhuffushi,MV,2022-07-20 05:49:38,6.6221,73.07,299.87,79,100,8.42
215,Palasa,IN,2022-07-20 05:49:39,18.7667,84.4167,306.05,61,92,4.36
216,Turukhansk,RU,2022-07-20 05:49:39,65.8167,87.9833,286.41,74,100,2.98
217,Port-Gentil,GA,2022-07-20 05:46:29,-0.7193,8.7815,297.13,83,100,4.12
218,Maebaru,JP,2022-07-20 05:49:41,33.55,130.2,303.97,83,97,1.83
219,Semirara,PH,2022-07-20 05:49:42,12.0697,121.3986,302.59,74,23,6.16
220,Tevriz,RU,2022-07-20 05:49:43,57.509,72.4042,296.43,56,95,2.07
221,Saldanha,ZA,2022-07-20 05:49:43,-33.0117,17.9442,277.18,79,15,4.8
222,Mezen,RU,2022-07-20 05:49:45,65.8522,44.24,297.64,44,16,5.7
223,Diffa,NE,2022-07-20 05:49:46,13.3154,12.6113,301.03,61,76,3.33
224,Klaksvik,FO,2022-07-20 05:49:46,62.2266,-6.589,284.66,96,86,4.48
225,Golden,US,2022-07-20 05:47:25,39.7555,-105.2211,300.02,34,0,8.75
226,Meadow Lake,US,2022-07-20 05:49:48,36.0245,-86.8022,299.77,82,75,2.57
227,Biggar,GB,2022-07-20 05:49:48,55.6167,-3.5167,289.03,95,59,1.62
228,Esperance,AU,2022-07-20 05:49:49,-33.8667,121.9,291.96,57,96,6.55
229,Dengzhou,CN,2022-07-20 05:49:50,37.8086,120.7508,296.2,76,100,3.49
230,Tual,ID,2022-07-20 05:49:50,-5.6667,132.75,299.59,79,70,7.98
231,High Rock,US,2022-07-20 05:49:51,39.8154,-76.4789,297.07,90,27,2.78
232,Slupca,PL,2022-07-20 05:50:52,52.2873,17.8719,297.7,47,14,3.52
233,Blagoyevo,RU,2022-07-20 05:50:52,63.3667,47.9167,292.02,81,93,4.55
234,Cherrapunji,IN,2022-07-20 05:50:53,25.3,91.7,293.62,84,100,1.17
235,Kitimat,CA,2022-07-20 05:50:54,54.0524,-128.6534,290.36,34,62,0.58
236,Altay,CN,2022-07-20 05:50:54,47.8667,88.1167,294.46,36,43,5.33
237,Tsaratanana,MG,2022-07-20 05:50:55,-16.7833,47.65,293.7,59,24,7.46
238,Menzelinsk,RU,2022-07-20 05:50:56,55.7271,53.1026,290.81,71,56,5.81
239,Kuvandyk,RU,2022-07-20 05:50:56,51.4781,57.3552,296.3,48,53,5.6
240,Moron,AR,2022-07-20 05:46:12,-34.6534,-58.6198,285.01,94,4,2.58
241,Raudeberg,NO,2022-07-20 05:50:57,61.9875,5.1352,289.79,85,99,7.17
242,Ayorou,NE,2022-07-20 05:50:58,14.7308,0.9174,299.45,70,29,5.45
243,Ugoofaaru,MV,2022-07-20 05:50:59,5.6667,73.0,300.74,72,100,6.96
244,Tateyama,JP,2022-07-20 05:51:00,34.9833,139.8667,304.32,74,57,1.6
245,Nanuque,BR,2022-07-20 05:51:00,-17.8392,-40.3539,290.98,96,6,0.9
246,Luderitz,NA,2022-07-20 05:47:36,-26.6481,15.1594,285.24,63,0,6.92
247,Yacuiba,BO,2022-07-20 05:51:02,-22.038,-63.6797,285.03,79,100,1.35
248,Berlevag,NO,2022-07-20 05:46:45,70.8578,29.0864,286.04,100,75,4.12
249,Eyl,SO,2022-07-20 05:51:03,7.9803,49.8164,299.74,43,84,12.5
250,Codrington,AU,2022-07-20 05:51:03,-38.2667,141.9667,285.38,62,3,2.17
251,Pacora,PA,2022-07-20 05:51:05,9.0833,-79.2833,299.36,90,40,1.54
252,Asfi,MA,2022-07-20 05:51:05,32.2994,-9.2372,294.09,79,24,6.34
253,Lompoc,US,2022-07-20 05:51:06,34.6391,-120.4579,286.81,96,100,2.06
254,Yendi,GH,2022-07-20 05:51:07,9.4427,-0.0099,294.38,88,25,2.62
255,Paamiut,GL,2022-07-20 05:51:08,61.994,-49.6678,280.61,94,100,0.86
256,Noumea,NC,2022-07-20 05:51:09,-22.2763,166.4572,298.15,99,100,1.55
257,Lampang,TH,2022-07-20 05:51:09,18.3333,99.5,305.25,77,40,1.54
258,Nemuro,JP,2022-07-20 05:51:10,43.3236,145.575,287.96,93,100,5.73
259,Najran,SA,2022-07-20 05:51:10,17.4924,44.1277,302.51,32,100,4.92
260,Listvyanka,RU,2022-07-20 05:51:11,51.8535,104.8693,287.93,72,57,1.62
261,Oranjemund,NA,2022-07-20 05:51:12,-28.55,16.4333,282.99,79,0,4.6
262,Esmeraldas,BR,2022-07-20 05:51:13,-19.7625,-44.3139,289.63,78,0,1.42
263,Touros,BR,2022-07-20 05:51:14,-5.1989,-35.4608,295.21,90,6,7.2
264,Namuac,PH,2022-07-20 05:51:15,18.6109,121.1657,305.74,64,7,5.01
265,Nishihara,JP,2022-07-20 05:46:43,26.1842,127.7558,306.96,72,40,6.17
266,Payo,ID,2022-07-20 05:51:16,-3.7508,103.6372,306.69,47,29,0.97
267,Vardo,NO,2022-07-20 05:51:16,70.3705,31.1107,286.14,94,100,7.2
268,Kinwat,IN,2022-07-20 05:51:17,19.6333,78.2,301.68,71,49,6.09
269,Batagay,RU,2022-07-20 05:51:18,67.6333,134.6333,285.35,59,93,4.14
270,Hofn,IS,2022-07-20 05:51:19,64.2539,-15.2082,283.16,78,100,6.24
271,Boleslawiec,PL,2022-07-20 05:52:20,51.2642,15.5697,298.05,42,13,1.02
272,Bethel,US,2022-07-20 05:51:38,41.3712,-73.414,298.45,82,0,0.0
273,Waipawa,NZ,2022-07-20 05:52:21,-41.4122,175.5153,281.65,94,100,4.73
274,Altamont,US,2022-07-20 05:52:22,42.2068,-121.7372,298.06,29,0,3.6
275,Madang,PG,2022-07-20 05:52:23,-5.2246,145.7966,301.84,71,82,3.06
276,Riyadh,SA,2022-07-20 05:44:56,24.6877,46.7219,311.23,8,50,8.97
277,Saiki,JP,2022-07-20 05:52:24,32.95,131.9,301.5,81,95,1.23
278,Vikravandi,IN,2022-07-20 05:52:25,12.0333,79.55,308.38,43,78,2.85
279,Haverfordwest,GB,2022-07-20 05:52:25,51.8017,-4.9691,288.74,91,75,2.24
280,Markapur,IN,2022-07-20 05:52:27,15.7333,79.2833,306.55,47,91,4.3
281,Kargil,IN,2022-07-20 05:52:27,34.5667,76.1,294.96,33,4,0.77
282,Dunedin,NZ,2022-07-20 05:52:28,-45.8742,170.5036,282.48,91,100,1.79
283,Marrakesh,MA,2022-07-20 05:51:11,31.6315,-8.0083,302.19,42,40,2.57
284,Praia,CV,2022-07-20 05:49:04,14.9215,-23.5087,297.45,88,20,2.57
285,Arona,ES,2022-07-20 05:52:30,28.0996,-16.681,297.59,73,20,1.54
286,Liyang,CN,2022-07-20 05:52:30,29.7057,118.2862,309.08,48,80,5.52
287,Saint-Michel-Des-Saints,CA,2022-07-20 05:52:31,46.6834,-73.9159,285.16,90,52,1.02
288,Mopipi,BW,2022-07-20 05:52:31,-21.1833,24.8833,287.53,67,84,2.97
289,Doische,BE,2022-07-20 05:52:32,50.1336,4.7355,294.06,73,75,4.63
290,Abalak,RU,2022-07-20 05:52:34,58.1286,68.5944,296.38,58,100,2.49
291,Rojhan,PK,2022-07-20 05:52:34,28.6868,69.9534,310.02,43,65,6.24
292,Katsuura,JP,2022-07-20 05:52:35,35.1333,140.3,301.09,76,77,3.28
293,Karpathos,GR,2022-07-20 05:52:36,35.507,27.2132,296.13,83,20,15.43
294,Nago,JP,2022-07-20 05:52:36,26.5881,127.9761,307.39,75,44,5.74
295,Diplo,PK,2022-07-20 05:52:37,24.4667,69.584,305.79,61,97,8.39
296,Morden,CA,2022-07-20 05:48:31,49.1919,-98.1014,294.07,78,97,5.14
297,Prainha,BR,2022-07-20 05:52:38,-1.8,-53.48,295.69,94,43,0.98
298,Tabas,IR,2022-07-20 05:52:39,33.5959,56.9244,309.02,11,0,3.1
299,Pitsunda,GE,2022-07-20 05:52:40,43.1592,40.3378,295.25,79,93,3.98
300,Yar-Sale,RU,2022-07-20 05:48:37,66.8333,70.8333,289.95,56,99,5.76
301,Pleshanovo,RU,2022-07-20 05:52:41,52.8333,53.4833,294.38,53,1,5.25
302,Saint-Leu,RE,2022-07-20 05:52:41,-21.15,55.2833,296.63,58,5,0.08
303,Severobaykalsk,RU,2022-07-20 05:52:42,55.65,109.3167,285.84,85,60,3.38
304,Kenai,US,2022-07-20 05:52:04,60.5544,-151.2583,284.87,95,100,2.57
305,Wenatchee,US,2022-07-20 05:48:18,47.4235,-120.3103,302.31,32,0,4.12
306,Shenjiamen,CN,2022-07-20 05:52:44,29.9576,122.298,300.86,82,100,7.38
307,Sorong,ID,2022-07-20 05:52:45,-0.8833,131.25,302.17,64,100,2.89
308,Redmond,US,2022-07-20 05:53:46,47.674,-122.1215,293.48,57,0,1.5
309,Drumnadrochit,GB,2022-07-20 05:53:46,57.3344,-4.4799,286.8,92,86,2.46
310,Singaraja,ID,2022-07-20 05:53:47,-8.112,115.0882,302.02,64,20,1.69
311,Dwarka,IN,2022-07-20 05:53:48,22.2394,68.9678,301.97,79,100,8.8
312,Abaza,RU,2022-07-20 05:53:49,52.655,90.0928,295.61,39,85,2.88
313,Gizo,SB,2022-07-20 05:53:49,-8.103,156.8419,301.54,70,29,0.99
314,Kampot,KH,2022-07-20 05:53:50,10.6167,104.1833,303.18,79,100,3.33
315,Leh,IN,2022-07-20 05:53:09,34.1667,77.5833,295.92,18,11,2.55
316,Alofi,NU,2022-07-20 05:53:52,-19.0595,-169.9187,297.09,78,10,7.2
317,Aksarka,RU,2022-07-20 05:53:52,66.5606,67.7975,292.03,53,61,4.88
318,Ploemeur,FR,2022-07-20 05:53:53,47.7333,-3.4333,291.4,96,75,2.06
319,Porto Novo,IT,2022-07-20 05:53:54,44.532,11.752,301.3,33,0,0.79
320,Micheweni,TZ,2022-07-20 05:53:54,-4.9667,39.8333,297.42,75,53,6.93
321,Aketi,CD,2022-07-20 05:53:55,2.7388,23.7833,294.46,92,87,0.33
322,Namatanai,PG,2022-07-20 05:53:55,-3.6667,152.4333,300.52,76,100,1.99
323,Vanimo,PG,2022-07-20 05:53:56,-2.6741,141.3028,300.93,81,83,2.15
324,Nouadhibou,MR,2022-07-20 05:53:57,20.931,-17.0347,293.14,100,75,7.72
325,Dourbali,TD,2022-07-20 05:53:58,11.8091,15.8632,296.33,80,100,1.42
326,Tobermory,CA,2022-07-20 05:53:58,45.2501,-81.6665,293.45,88,96,7.33
327,Fremont,US,2022-07-20 05:53:59,37.5483,-121.9886,293.53,84,75,3.6
328,Necochea,AR,2022-07-20 05:53:25,-38.5473,-58.7368,282.84,52,0,7.25
329,Kolondieba,ML,2022-07-20 05:54:00,11.0882,-6.8926,294.14,96,100,2.75
330,Saint-Ambroise,CA,2022-07-20 05:54:01,48.5501,-71.3324,290.05,72,12,4.12
331,Aykhal,RU,2022-07-20 05:54:02,66.0,111.5,287.45,57,68,6.92
332,Vao,NC,2022-07-20 05:54:02,-22.6667,167.4833,296.72,90,100,4.94
333,Margate,GB,2022-07-20 05:54:03,51.3813,1.3862,292.52,82,95,2.68
334,Dukat,RU,2022-07-20 05:54:04,62.55,155.55,286.25,72,99,2.62
335,Wanning,CN,2022-07-20 05:54:05,18.8003,110.3967,303.67,70,85,3.63
336,Leningradskiy,RU,2022-07-20 05:54:05,69.3833,178.4167,273.69,98,100,8.86
337,Oneonta,US,2022-07-20 05:54:06,42.4529,-75.0638,294.65,97,67,2.05
338,Santa Rosa,US,2022-07-20 05:54:06,34.6799,-80.782,296.07,88,100,4.12
339,Taoudenni,ML,2022-07-20 05:50:06,22.6783,-3.9836,305.29,24,52,2.23
340,Atar,MR,2022-07-20 05:54:09,20.5169,-13.0499,299.75,53,2,2.95
341,Keflavik,IS,2022-07-20 05:54:10,64.0049,-22.5624,283.1,93,0,3.6
342,Anadyr,RU,2022-07-20 05:54:10,64.75,177.4833,283.43,81,40,4.0
343,Cubuk,TR,2022-07-20 05:54:11,40.2386,33.0322,290.24,63,0,3.6
344,Taltal,CL,2022-07-20 05:51:57,-25.4,-70.4833,287.41,78,41,1.34
345,Heinola,FI,2022-07-20 05:54:12,61.2056,26.0381,289.82,58,75,5.17
346,Dudinka,RU,2022-07-20 05:55:13,69.4058,86.1778,290.7,45,80,4.81
347,Trairi,BR,2022-07-20 05:52:03,-3.2778,-39.2689,297.58,85,15,5.01
348,Ust-Koksa,RU,2022-07-20 05:55:14,50.2696,85.6108,291.43,49,43,0.65
349,Kollam,IN,2022-07-20 05:55:15,8.8833,76.6,300.81,77,100,5.08
350,College,US,2022-07-20 05:50:35,64.8569,-147.8028,286.14,83,75,2.06
351,Cabedelo,BR,2022-07-20 05:55:16,-6.9811,-34.8339,295.52,84,16,5.51
352,Pedernales,DO,2022-07-20 05:55:16,18.0384,-71.744,299.72,69,2,2.19
353,Muros,ES,2022-07-20 05:55:17,42.7762,-9.0603,290.98,91,93,2.09
354,Karakol,KG,2022-07-20 05:55:18,42.4907,78.3936,296.36,30,18,4.38
355,Olinda,BR,2022-07-20 05:52:40,-8.0089,-34.8553,296.0,78,40,3.09
356,Troitsko-Pechorsk,RU,2022-07-20 05:55:19,62.7084,56.1964,288.1,95,100,5.26
357,Atasu,KZ,2022-07-20 05:55:20,48.6814,71.6433,304.61,17,5,4.34
358,Sassandra,CI,2022-07-20 05:55:20,4.95,-6.0833,295.43,78,96,2.87
359,Velingara,SN,2022-07-20 05:55:21,13.15,-14.1167,296.55,95,96,1.87
360,Hamilton,US,2022-07-20 05:51:26,39.1834,-84.5333,297.91,87,0,3.09
361,Tuatapere,NZ,2022-07-20 05:55:22,-46.1333,167.6833,279.2,86,98,0.9
362,Cauquenes,CL,2022-07-20 05:52:32,-35.9671,-72.3225,278.32,66,0,1.14
363,Moroni,KM,2022-07-20 05:55:23,-11.7022,43.2551,298.15,65,40,7.2
364,Piranhas,BR,2022-07-20 05:55:23,-16.4269,-51.8222,292.36,48,4,2.56
365,Iquitos,PE,2022-07-20 05:55:24,-3.7481,-73.2472,296.17,100,100,1.03
366,Ponazyrevo,RU,2022-07-20 05:55:25,58.3578,46.3142,291.15,58,96,4.93
367,Zeya,RU,2022-07-20 05:55:26,53.75,127.2667,298.62,57,94,2.04
368,Tevaitoa,PF,2022-07-20 05:55:26,-16.7833,-151.5,298.63,68,11,3.83
369,Zhanaozen,KZ,2022-07-20 05:55:27,43.3,52.8,308.94,20,2,1.16
370,Eyrarbakki,IS,2022-07-20 05:55:28,63.863,-21.1481,283.18,83,65,4.19
371,Iralaya,HN,2022-07-20 05:55:28,15.0,-83.2333,299.79,79,79,5.17
372,Pudozh,RU,2022-07-20 05:55:29,61.8099,36.5345,286.36,98,100,3.67
373,Sumoto,JP,2022-07-20 05:55:29,34.35,134.9,305.15,71,85,1.44
374,Barcelona,ES,2022-07-20 05:55:30,41.3888,2.159,301.23,64,0,3.6
375,Bauta,CU,2022-07-20 05:55:31,22.9828,-82.5464,298.7,100,0,3.24
376,Hambantota,LK,2022-07-20 05:55:31,6.1241,81.1185,304.34,70,40,2.06
377,Morehead,US,2022-07-20 05:53:19,37.2711,-87.1764,299.14,92,75,0.0
378,Gao,ML,2022-07-20 05:55:33,16.6362,1.637,299.57,70,78,4.21
379,Cantanhede,BR,2022-07-20 05:55:33,-3.6333,-44.3767,294.66,97,26,1.22
380,Naron,ES,2022-07-20 05:55:34,43.5167,-8.1528,291.51,94,99,1.07
381,Astana,KZ,2022-07-20 05:55:35,51.1801,71.446,300.12,32,40,7.0
382,Auki,SB,2022-07-20 05:55:35,-8.7676,160.7034,301.72,65,39,0.44
383,Kilindoni,TZ,2022-07-20 05:55:36,-7.9139,39.6668,297.88,68,31,7.21
384,Vestmannaeyjar,IS,2022-07-20 05:55:37,63.4427,-20.2734,283.03,84,72,7.8
385,Neepawa,CA,2022-07-20 05:55:38,50.2289,-99.4664,290.37,64,52,6.12
386,Tiarei,PF,2022-07-20 05:55:38,-17.5333,-149.3333,297.16,67,3,2.06
387,Empalme,MX,2022-07-20 05:55:39,27.9667,-110.8167,302.79,67,90,2.86
388,Luanda,AO,2022-07-20 05:55:39,-8.8368,13.2343,293.15,94,100,1.54
389,Vanavara,RU,2022-07-20 05:55:40,60.34,102.2797,293.36,51,99,2.87
390,Karibib,NA,2022-07-20 05:55:41,-21.9333,15.8333,284.34,45,0,2.62
391,Ottumwa,US,2022-07-20 05:56:41,41.02,-92.4113,299.76,84,3,0.45
392,Jilikul,TJ,2022-07-20 05:56:42,37.4917,68.5311,311.91,12,0,3.68
393,Saint-Malo,FR,2022-07-20 05:56:43,48.5,-1.8333,291.12,87,65,2.1
394,Salym,RU,2022-07-20 05:56:44,60.0625,71.4789,297.5,42,50,2.07
395,Marienburg,PL,2022-07-20 05:56:45,54.0359,19.0266,296.97,57,25,1.39
396,Dumas,US,2022-07-20 05:56:45,35.8656,-101.9732,304.56,32,0,4.12
397,Neosho,US,2022-07-20 05:56:46,36.869,-94.368,302.64,66,49,0.45
398,Saint-Pierre,RE,2022-07-20 05:56:47,-21.3393,55.4781,296.97,49,1,5.14
399,Bozoum,CF,2022-07-20 05:56:47,6.3193,16.3799,292.71,97,100,1.08
400,Ancud,CL,2022-07-20 05:56:48,-41.8697,-73.8203,284.39,96,100,8.92
401,Beba,CU,2022-07-20 05:56:49,22.4437,-79.7253,297.38,92,2,2.98
402,Butterworth,MY,2022-07-20 05:56:50,5.3991,100.3638,306.17,70,20,3.13
403,Camacha,PT,2022-07-20 05:56:50,33.0833,-16.3333,292.83,73,40,5.14
404,Sheregesh,RU,2022-07-20 05:56:51,52.9209,87.9869,290.03,78,83,2.29
405,Belmonte,BR,2022-07-20 05:54:35,-15.8631,-38.8828,295.21,87,68,3.85
406,Viedma,AR,2022-07-20 05:56:52,-40.8135,-62.9967,285.95,30,62,9.8
407,Faanui,PF,2022-07-20 05:56:53,-16.4833,-151.75,298.73,66,8,3.57
408,Marawi,PH,2022-07-20 05:56:53,7.9986,124.2928,298.21,86,47,1.48
409,Cerro Gordo,US,2022-07-20 05:56:54,33.9198,-94.476,303.27,65,0,5.03
410,Grindavik,IS,2022-07-20 05:56:54,63.8424,-22.4338,283.12,93,0,3.6
411,Altar,MX,2022-07-20 05:56:55,30.7,-111.8167,304.25,46,100,6.87
412,Erzin,TR,2022-07-20 05:56:56,36.9559,36.2,302.89,50,0,2.37
413,Acapulco,MX,2022-07-20 05:55:03,16.8634,-99.8901,299.39,84,63,1.4
414,Alberton,CA,2022-07-20 05:56:57,46.8168,-64.0654,292.1,91,69,8.13
415,Palmer,US,2022-07-20 05:55:05,42.1584,-72.3287,296.96,85,0,0.0
416,Salihorsk,BY,2022-07-20 05:56:58,52.7876,27.5415,292.26,80,91,4.9
417,Puri,IN,2022-07-20 05:56:59,19.8,85.85,301.44,69,94,6.49
418,Dessalines,HT,2022-07-20 05:57:00,19.2833,-72.5,296.34,87,19,1.54
419,Sijunjung,ID,2022-07-20 05:57:00,-0.6876,100.9537,306.38,48,100,0.34
420,Arlit,NE,2022-07-20 05:57:01,18.7369,7.3853,303.0,43,79,1.82
421,Marathon,US,2022-07-20 05:57:01,44.9,-89.7668,297.96,65,40,5.66
422,Riverton,US,2022-07-20 05:57:02,40.5219,-111.9391,299.92,40,0,5.81
423,Husavik,IS,2022-07-20 05:57:03,66.0449,-17.3389,280.67,94,100,3.78
424,Awbari,LY,2022-07-20 05:57:03,26.5921,12.7805,299.0,35,3,4.52
425,Revda,RU,2022-07-20 05:57:04,56.801,59.9303,289.6,74,95,5.15
426,Eenhana,NA,2022-07-20 05:57:05,-17.4667,16.3333,282.65,47,0,3.0
427,Yenagoa,NG,2022-07-20 05:57:05,4.9247,6.2642,295.48,87,43,1.59
428,Catamarca,AR,2022-07-20 05:57:06,-28.4696,-65.7852,282.47,66,5,0.45
429,Belgrade,RS,2022-07-20 05:52:08,44.804,20.4651,300.76,54,0,2.57
430,Udachnyy,RU,2022-07-20 05:57:07,66.4167,112.4,288.4,58,69,6.72
431,Nantucket,US,2022-07-20 05:57:08,41.2835,-70.0995,297.59,90,45,7.07
432,Provideniya,RU,2022-07-20 05:57:08,64.3833,-173.3,283.35,66,0,5.0
433,Pskov,RU,2022-07-20 06:04:28,57.8136,28.3496,290.1,67,40,5.0
434,Mozarlandia,BR,2022-07-20 06:04:29,-14.7447,-50.5706,294.11,45,62,1.41
435,Vostok,RU,2022-07-20 05:59:55,46.4856,135.8833,294.71,84,92,1.41
436,Nador,MA,2022-07-20 06:04:30,35.174,-2.9287,297.29,88,20,0.51
437,Banjar,ID,2022-07-20 06:04:30,-8.19,114.9675,302.99,61,28,1.26
438,Maine-Soroa,NE,2022-07-20 06:04:31,13.2114,12.0241,300.68,63,96,4.47
439,Sisimiut,GL,2022-07-20 06:04:32,66.9395,-53.6735,280.76,86,92,1.28
440,Kailua,US,2022-07-20 05:59:08,21.4022,-157.7394,299.83,82,37,2.68
441,Gat,IL,2022-07-20 06:04:32,31.61,34.7642,305.04,100,0,2.32
442,Beloha,MG,2022-07-20 06:04:33,-25.1667,45.05,294.24,47,0,6.59
443,Memmingen,DE,2022-07-20 06:04:34,47.9837,10.1853,295.71,70,0,0.51
444,Acarau,BR,2022-07-20 06:04:34,-2.8856,-40.12,297.59,89,27,5.71
445,Saint-Denis,FR,2022-07-20 06:04:35,48.9167,2.3333,294.58,90,75,2.57
446,Saint-Paul,RE,2022-07-20 06:04:36,-21.0096,55.2707,297.45,53,4,2.41
447,Makungu,TZ,2022-07-20 06:04:36,-8.7333,35.2833,286.38,88,32,1.6
448,Ntcheu,MW,2022-07-20 06:04:37,-14.8203,34.6359,289.8,68,4,3.07
449,Charagua,BO,2022-07-20 06:04:38,-19.8,-63.2167,286.76,89,89,1.41
450,Rengo,CL,2022-07-20 06:04:38,-34.4167,-70.8667,282.22,66,0,1.67
451,Lalsk,RU,2022-07-20 06:04:39,60.7415,47.5862,285.98,98,100,3.22
452,Covington,US,2022-07-20 06:04:39,39.0837,-84.5086,298.41,87,0,2.57
453,Sooke,CA,2022-07-20 06:03:56,48.3746,-123.7276,290.94,86,25,4.25
454,Urumqi,CN,2022-07-20 05:56:02,43.801,87.6005,297.68,24,0,5.0
455,Xining,CN,2022-07-20 06:04:41,36.6167,101.7667,296.37,38,0,1.97
456,Garissa,KE,2022-07-20 06:04:41,-0.4536,39.6401,294.97,83,94,5.83
457,Ishigaki,JP,2022-07-20 06:04:42,24.3448,124.1572,302.97,82,4,6.53
458,Santa Cruz,CO,2022-07-20 06:04:43,1.5209,-77.2621,288.45,70,99,2.3
459,Angoche,MZ,2022-07-20 06:04:43,-16.2325,39.9086,296.47,68,5,1.57
460,Keetmanshoop,NA,2022-07-20 06:04:44,-26.5833,18.1333,280.45,78,3,1.95
461,Freeport,US,2022-07-20 06:04:44,40.6576,-73.5832,301.07,64,0,6.69
462,Pisco,PE,2022-07-20 06:04:45,-13.7,-76.2167,288.72,94,100,1.54
463,Sitka,US,2022-07-20 06:04:46,57.0531,-135.33,285.09,94,100,1.54
464,Sandi,IN,2022-07-20 06:04:47,27.3,79.95,313.32,34,29,0.74
465,Sortland,NO,2022-07-20 06:04:48,68.6949,15.4162,288.13,75,87,1.87
466,Warrenton,ZA,2022-07-20 06:00:40,-28.114,24.8475,284.11,49,0,3.26
467,Goundam,ML,2022-07-20 06:04:49,16.4145,-3.6708,301.0,65,82,7.88
468,Itoigawa,JP,2022-07-20 06:04:50,37.0333,137.85,299.83,71,95,4.47
469,Tsogni,GA,2022-07-20 06:04:51,-2.7942,10.0988,294.4,90,99,1.97
470,Shenzhen,CN,2022-07-20 06:04:52,22.5455,114.0683,307.12,77,73,5.77
471,Gorontalo,ID,2022-07-20 06:04:54,0.5412,123.0595,302.72,74,87,2.17
472,Inuvik,CA,2022-07-20 06:00:35,68.3499,-133.7218,288.38,72,72,2.97
473,Platteville,US,2022-07-20 06:04:55,42.7342,-90.4785,297.21,100,0,2.57
474,Nanakuli,US,2022-07-20 06:04:56,21.3906,-158.1547,300.12,60,40,3.6
475,Carballo,ES,2022-07-20 06:04:57,43.213,-8.691,290.38,93,90,0.26
476,Edd,ER,2022-07-20 06:05:57,13.9297,41.6925,306.57,48,100,0.89
477,Itaguai,BR,2022-07-20 06:05:58,-22.8522,-43.7753,293.62,93,51,1.31
478,Buraydah,SA,2022-07-20 06:05:59,26.326,43.975,311.84,9,1,2.74
479,Whitehorse,CA,2022-07-20 06:04:18,60.7161,-135.0538,285.94,57,80,1.34
480,Itoman,JP,2022-07-20 06:05:36,26.1247,127.6694,305.58,79,20,6.17
481,Alexandria,EG,2022-07-20 06:03:12,31.2156,29.9553,300.6,65,0,4.3
482,Mocuba,MZ,2022-07-20 06:06:01,-16.8392,36.9856,293.45,77,0,1.43
483,Chongqing,CN,2022-07-20 06:04:43,29.5628,106.5528,297.72,83,100,2.73
484,Lagoa,PT,2022-07-20 06:06:02,39.05,-27.9833,294.77,86,7,3.6
485,Sola,VU,2022-07-20 06:06:03,-13.8833,167.55,300.25,78,68,7.14
486,Balykshi,KZ,2022-07-20 06:06:03,47.0667,51.8667,299.15,36,40,6.0
487,Soligalich,RU,2022-07-20 06:06:04,59.0778,42.2864,289.61,64,100,5.04
488,Karangampel,ID,2022-07-20 06:06:05,-6.4622,108.4519,302.45,66,55,4.63
489,Quesnel,CA,2022-07-20 06:06:05,52.9999,-122.5029,286.66,72,5,0.55
490,Shetpe,KZ,2022-07-20 06:06:06,44.1667,52.1167,303.87,22,7,10.04
491,Olafsvik,IS,2022-07-20 06:06:07,64.8945,-23.7142,283.56,81,66,4.27
492,Suntar,RU,2022-07-20 06:06:07,62.1444,117.6319,292.33,70,100,2.28
493,Leshukonskoye,RU,2022-07-20 06:06:08,64.8989,45.7622,297.1,47,19,5.48
494,Beringovskiy,RU,2022-07-20 06:06:09,63.05,179.3167,281.22,93,70,15.65
495,Poronaysk,RU,2022-07-20 06:06:09,49.2167,143.1167,289.19,88,100,4.16
496,Kipini,KE,2022-07-20 06:06:10,-2.5257,40.5262,298.31,68,13,8.07
497,Evensk,RU,2022-07-20 06:06:12,61.95,159.2333,287.44,84,100,1.71
498,Acaponeta,MX,2022-07-20 06:06:14,22.4964,-105.3594,299.04,88,17,1.16
499,Hualmay,PE,2022-07-20 06:06:15,-11.0964,-77.6139,289.11,85,48,2.79
500,Dongsheng,CN,2022-07-20 06:06:15,39.8161,109.9776,299.02,29,31,0.87
501,Liverpool,GB,2022-07-20 06:06:16,53.4106,-2.9779,291.27,83,40,9.26
502,Barcelos,PT,2022-07-20 06:06:17,41.5388,-8.6151,289.21,92,5,1.98
503,Biltine,TD,2022-07-20 06:06:17,14.5333,20.9167,299.37,67,20,5.63
504,Etchoropo,MX,2022-07-20 06:06:18,26.7667,-109.6667,303.38,66,89,4.11
505,Fare,PF,2022-07-20 06:06:19,-16.7,-151.0167,298.63,63,2,3.02
506,La Tuque,FR,2022-07-20 06:06:20,44.5698,1.1,290.46,92,84,1.38
507,Baijiantan,CN,2022-07-20 06:06:21,45.6333,85.1833,303.48,16,16,10.87
508,Bathsheba,BB,2022-07-20 06:06:22,13.2167,-59.5167,299.85,94,75,7.72
509,Urengoy,RU,2022-07-20 06:06:23,65.9667,78.3667,292.57,46,21,5.18
510,Severodvinsk,RU,2022-07-20 06:06:24,64.5635,39.8302,296.21,72,67,4.58
511,Registro,BR,2022-07-20 06:06:24,-24.4875,-47.8436,289.77,94,80,0.27
512,Birao,CF,2022-07-20 06:06:25,10.2849,22.7882,295.21,90,99,2.5
513,Totness,SR,2022-07-20 06:07:26,5.8833,-56.3167,297.43,90,93,3.7
514,Kushima,JP,2022-07-20 06:07:27,31.4583,131.2333,304.17,70,69,5.83
515,Jacareacanga,BR,2022-07-20 06:07:27,-6.2222,-57.7528,293.99,68,43,0.96
516,Seabra,BR,2022-07-20 06:04:24,-12.4186,-41.7703,287.89,97,70,1.25
517,Fallon,US,2022-07-20 06:07:28,39.4735,-118.7774,299.51,37,48,3.35
518,Bandarbeyla,SO,2022-07-20 06:07:29,9.4942,50.8122,299.22,56,90,12.91
519,Antalaha,MG,2022-07-20 06:07:30,-14.9003,50.2788,294.55,84,33,6.97
520,Ixtapa,MX,2022-07-20 06:07:31,20.7,-105.2,302.16,89,0,0.0
521,Devarkonda,IN,2022-07-20 06:07:31,16.7,78.9333,304.4,53,70,6.19
522,Gemena,CD,2022-07-20 06:07:32,3.25,19.7667,293.77,97,100,0.52
523,Kyzyl-Suu,KG,2022-07-20 06:07:33,42.3414,78.0056,293.64,45,4,3.0
524,Dubova,RO,2022-07-20 06:07:33,44.6167,22.2667,298.3,37,0,0.28
525,Alappuzha,IN,2022-07-20 06:07:34,9.49,76.3264,302.04,81,100,5.16
526,Caravelas,BR,2022-07-20 06:07:35,-17.7125,-39.2481,293.37,93,10,0.89
527,Marsabit,KE,2022-07-20 06:07:36,2.3284,37.9899,288.57,82,69,8.28
528,Banikoara,BJ,2022-07-20 06:07:36,11.2985,2.4386,294.27,93,72,1.82
529,Aswan,EG,2022-07-20 06:07:37,24.0934,32.907,308.16,17,3,6.62
530,Vernon,CA,2022-07-20 06:03:08,50.2581,-119.2691,294.68,53,0,1.48
531,Ampanihy,MG,2022-07-20 06:07:39,-24.7,44.75,293.76,48,0,4.91
532,Ratnagiri,IN,2022-07-20 06:07:39,16.9833,73.3,300.89,81,78,5.96
533,Bereda,ES,2022-07-20 06:07:40,43.2686,-7.5406,290.05,100,74,0.33
534,Kamenka,RU,2022-07-20 06:07:40,51.3223,42.7678,293.42,55,20,5.62
535,Joshimath,IN,2022-07-20 06:07:41,30.5667,79.5667,299.56,76,86,2.73
536,Wagrowiec,PL,2022-07-20 06:07:42,52.8084,17.1996,297.77,48,8,3.74
537,Pasighat,IN,2022-07-20 06:07:43,28.0667,95.3333,301.3,90,100,1.51
538,Janauba,BR,2022-07-20 06:07:44,-15.8025,-43.3089,290.15,82,33,2.93
539,Harper,LR,2022-07-20 06:07:45,4.375,-7.7169,296.29,73,98,3.13
540,Sur,OM,2022-07-20 06:07:46,22.5667,59.5289,304.62,69,31,2.79
541,Southaven,US,2022-07-20 06:07:46,34.989,-90.0126,303.12,71,20,5.66
542,Champasak,LA,2022-07-20 06:07:48,14.75,106.0,299.84,92,100,0.97
543,Christchurch,NZ,2022-07-20 06:07:48,-43.5333,172.6333,281.99,94,75,5.14
544,Teplodar,UA,2022-07-20 06:07:49,46.5059,30.3252,297.97,38,8,3.71
545,Hatsukaichi,JP,2022-07-20 06:07:50,34.35,132.3333,304.12,62,98,2.41
546,Ambulu,ID,2022-07-20 06:07:50,-8.345,113.6058,302.52,60,9,3.54
547,Eureka,US,2022-07-20 06:06:47,40.8021,-124.1637,286.27,86,61,0.45
548,Dhadar,IN,2022-07-20 06:07:52,28.3305,75.0632,308.91,49,42,7.28
549,Mercedes,AR,2022-07-20 06:07:52,-34.6515,-59.4307,280.73,92,4,3.23
550,Wladyslawowo,PL,2022-07-20 06:08:53,54.7909,18.4009,296.45,61,38,2.15
551,Ust-Kut,RU,2022-07-20 06:08:54,56.7938,105.7672,290.83,78,100,2.43
552,Newport,GB,2022-07-20 06:08:55,51.5877,-2.9984,293.19,81,86,3.25
553,Hirara,JP,2022-07-20 06:08:55,24.8,125.2833,302.97,81,8,6.24
554,Shitanjing,CN,2022-07-20 06:08:56,39.2342,106.3439,300.44,28,0,3.16
555,Pierre,US,2022-07-20 06:08:57,44.3683,-100.351,295.29,70,0,4.12
556,Pangnirtung,CA,2022-07-20 06:08:57,66.1451,-65.7125,281.36,91,100,2.27
557,Pringsewu,ID,2022-07-20 06:08:58,-5.3582,104.9744,303.9,65,37,1.37
558,Baykit,RU,2022-07-20 06:08:59,61.67,96.37,291.95,68,89,2.82
559,Tayu,ID,2022-07-20 06:09:00,-6.5397,111.0518,302.5,66,66,4.28
560,Knevichi,RU,2022-07-20 06:09:00,43.3992,132.1803,300.16,74,75,5.81
561,Sistranda,NO,2022-07-20 06:09:01,63.7256,8.834,289.13,87,100,8.34
562,Cayenne,GF,2022-07-20 06:06:41,4.9333,-52.3333,296.53,1,100,0.0
563,Dickinson,US,2022-07-20 06:09:02,29.4608,-95.0513,302.61,85,20,3.09
564,Vagur,FO,2022-07-20 06:06:14,61.4732,-6.8119,283.7,95,96,6.26
565,Grand-Santi,GF,2022-07-20 06:09:03,4.25,-54.3833,295.46,99,100,0.67
566,Shingu,JP,2022-07-20 06:09:04,33.7333,135.9833,305.5,49,83,3.71
567,Ferrol,ES,2022-07-20 06:09:05,43.4832,-8.2369,291.33,93,99,1.32
568,Beyneu,KZ,2022-07-20 06:09:05,45.3167,55.2,308.63,21,24,5.67
569,Elbrus,RU,2022-07-20 06:09:06,43.2577,42.6443,291.88,80,24,2.99
570,Warragul,AU,2022-07-20 06:09:07,-38.1667,145.9333,287.06,68,2,3.13
571,Kargasok,RU,2022-07-20 06:09:07,59.0556,80.8572,293.07,59,84,2.87
572,Visnes,NO,2022-07-20 06:09:08,59.3556,5.2242,295.18,46,0,8.75
573,Dubbo,AU,2022-07-20 06:09:09,-32.25,148.6167,289.22,44,75,9.77
574,Bois-Guillaume,FR,2022-07-20 06:09:09,49.4602,1.1222,292.4,86,100,1.54
575,Bariri,BR,2022-07-20 06:09:10,-22.0744,-48.7403,292.01,89,1,4.41
576,Lasem,ID,2022-07-20 06:09:10,-6.6922,111.4527,302.67,64,51,4.56
577,Batie,BF,2022-07-20 06:09:11,9.8833,-2.9167,294.28,90,93,2.67
578,Shahreza,IR,2022-07-20 06:09:12,32.0339,51.8794,302.95,10,0,2.08
579,Honiara,SB,2022-07-20 06:09:13,-9.4333,159.95,301.14,74,26,1.54
580,Meulaboh,ID,2022-07-20 06:09:14,4.1363,96.1285,302.75,61,49,2.19
581,Capaci,IT,2022-07-20 06:09:14,38.1711,13.2393,302.45,71,0,1.03
582,Gunzenhausen,DE,2022-07-20 06:09:16,49.1,10.75,297.42,52,81,3.03
583,Chernyshevskiy,RU,2022-07-20 06:09:17,63.0128,112.4714,287.42,75,82,4.26
584,Fayaoue,NC,2022-07-20 06:09:17,-20.65,166.5333,298.53,84,100,3.46
585,Lincoln,US,2022-07-20 06:00:30,40.8,-96.667,296.49,79,0,0.45
586,Lagunas,PE,2022-07-20 06:09:19,-5.2269,-75.6753,294.73,99,69,1.05
587,Maubin,MM,2022-07-20 06:09:19,16.7333,95.65,305.81,61,95,4.37
588,Gumdag,TM,2022-07-20 06:09:20,39.2061,54.5906,308.6,26,0,2.0
589,Malia,GR,2022-07-20 06:09:20,35.2833,25.4667,298.61,70,16,6.51
590,Lasa,IT,2022-07-20 06:09:32,46.6166,10.7002,293.53,81,78,0.49
591,Axim,GH,2022-07-20 06:10:22,4.8699,-2.2405,295.95,75,63,3.97
592,Ketchikan,US,2022-07-20 06:10:23,55.3422,-131.6461,287.41,88,75,0.0
593,Pittsburg,US,2022-07-20 06:10:24,38.028,-121.8847,295.88,50,0,4.02
594,Alekseyevsk,RU,2022-07-20 06:10:24,57.8406,108.3492,288.5,89,100,3.19
595,Constitucion,CL,2022-07-20 06:10:25,-35.3333,-72.4167,280.92,61,0,2.66
